tenant_id,module_key,module_name,is_enabled,enabled_at,disabled_at
25314175-a727-4b69-8315-9021ff512cd5,health,Health ISO,t,,
25314175-a727-4b69-8315-9021ff512cd5,controls,Controles,t,,
25314175-a727-4b69-8315-9021ff512cd5,evidences,Evidencias,t,,
25314175-a727-4b69-8315-9021ff512cd5,action_plans,Plan de Acción,t,,
25314175-a727-4b69-8315-9021ff512cd5,grc_phase1_core,Nucleo GRC Fase 1,f,,
25314175-a727-4b69-8315-9021ff512cd5,grc_phase2_integrated,GRC integrado Fase 2,f,,
25314175-a727-4b69-8315-9021ff512cd5,grc_phase3_operations,Operación y continuidad GRC,f,,
25314175-a727-4b69-8315-9021ff512cd5,nonconformities,No Conformidades,t,,
25314175-a727-4b69-8315-9021ff512cd5,risk_matrix,Matriz de Riesgo,f,,2026-08-20 14:05:53.213179
25314175-a727-4b69-8315-9021ff512cd5,audits,Auditorías,t,,
25314175-a727-4b69-8315-9021ff512cd5,assets,Activos,f,,2026-08-20 14:05:46.541938
25314175-a727-4b69-8315-9021ff512cd5,reports,Reportes,t,,
25314175-a727-4b69-8315-9021ff512cd5,ai,IA,t,2026-08-20 13:59:23.764045,
25314175-a727-4b69-8315-9021ff512cd5,dealer_portal,Portal Dealer,f,,
25314175-a727-4b69-8315-9021ff512cd5,admin_saas,Administración SaaS,f,,
284dea3d-7f2c-411c-831c-1e8301608e91,health,Health ISO,t,2026-04-17 13:57:38.405707,
284dea3d-7f2c-411c-831c-1e8301608e91,controls,Controles,t,2026-04-17 13:57:38.405707,
284dea3d-7f2c-411c-831c-1e8301608e91,evidences,Evidencias,t,2026-04-17 13:57:38.405707,
284dea3d-7f2c-411c-831c-1e8301608e91,action_plans,Plan de Acción,t,2026-04-17 13:57:38.405707,
284dea3d-7f2c-411c-831c-1e8301608e91,grc_phase1_core,Nucleo GRC Fase 1,f,,
284dea3d-7f2c-411c-831c-1e8301608e91,grc_phase2_integrated,GRC integrado Fase 2,f,,
284dea3d-7f2c-411c-831c-1e8301608e91,grc_phase3_operations,Operación y continuidad GRC,f,,
284dea3d-7f2c-411c-831c-1e8301608e91,nonconformities,No Conformidades,t,2026-04-17 13:57:38.405707,
284dea3d-7f2c-411c-831c-1e8301608e91,risk_matrix,Matriz de Riesgo,t,2026-04-17 13:57:38.405707,
284dea3d-7f2c-411c-831c-1e8301608e91,audits,Auditorías,t,2026-04-17 13:57:38.405707,
284dea3d-7f2c-411c-831c-1e8301608e91,assets,Activos,t,2026-04-17 13:57:38.405707,
284dea3d-7f2c-411c-831c-1e8301608e91,reports,Reportes,t,2026-04-17 13:57:38.405707,
284dea3d-7f2c-411c-831c-1e8301608e91,ai,IA,f,,
284dea3d-7f2c-411c-831c-1e8301608e91,dealer_portal,Portal Dealer,f,,
284dea3d-7f2c-411c-831c-1e8301608e91,admin_saas,Administración SaaS,f,,
3e88abb4-b346-4ba5-9b6e-aa58c3d84606,health,Health ISO,t,2026-04-17 13:57:38.405707,
3e88abb4-b346-4ba5-9b6e-aa58c3d84606,controls,Controles,t,2026-04-17 13:57:38.405707,
3e88abb4-b346-4ba5-9b6e-aa58c3d84606,evidences,Evidencias,t,2026-04-17 13:57:38.405707,
3e88abb4-b346-4ba5-9b6e-aa58c3d84606,action_plans,Plan de Acción,t,2026-04-17 13:57:38.405707,
3e88abb4-b346-4ba5-9b6e-aa58c3d84606,grc_phase1_core,Nucleo GRC Fase 1,t,2026-07-30 16:52:54.070155,
3e88abb4-b346-4ba5-9b6e-aa58c3d84606,grc_phase2_integrated,GRC integrado Fase 2,t,2026-07-30 16:52:56.744373,
3e88abb4-b346-4ba5-9b6e-aa58c3d84606,grc_phase3_operations,Operación y continuidad GRC,t,2026-07-30 16:52:59.750138,
3e88abb4-b346-4ba5-9b6e-aa58c3d84606,nonconformities,No Conformidades,t,2026-04-17 13:57:38.405707,
3e88abb4-b346-4ba5-9b6e-aa58c3d84606,risk_matrix,Matriz de Riesgo,t,2026-04-17 13:57:38.405707,
3e88abb4-b346-4ba5-9b6e-aa58c3d84606,audits,Auditorías,t,2026-04-17 13:57:38.405707,
3e88abb4-b346-4ba5-9b6e-aa58c3d84606,assets,Activos,t,2026-04-17 13:57:38.405707,
3e88abb4-b346-4ba5-9b6e-aa58c3d84606,reports,Reportes,t,2026-04-17 13:57:38.405707,
3e88abb4-b346-4ba5-9b6e-aa58c3d84606,ai,IA,t,2026-04-28 17:36:56.225541,
3e88abb4-b346-4ba5-9b6e-aa58c3d84606,dealer_portal,Portal Dealer,f,,
3e88abb4-b346-4ba5-9b6e-aa58c3d84606,admin_saas,Administración SaaS,f,,
444cb18c-831a-4964-b7d9-c1d302f73fc6,health,Health ISO,t,2026-04-22 14:25:37.735017,
444cb18c-831a-4964-b7d9-c1d302f73fc6,controls,Controles,t,2026-04-22 14:25:37.735017,
444cb18c-831a-4964-b7d9-c1d302f73fc6,evidences,Evidencias,t,2026-04-22 14:25:37.735017,
444cb18c-831a-4964-b7d9-c1d302f73fc6,action_plans,Plan de Acción,t,2026-04-22 14:25:37.735017,
444cb18c-831a-4964-b7d9-c1d302f73fc6,grc_phase1_core,Nucleo GRC Fase 1,f,,
444cb18c-831a-4964-b7d9-c1d302f73fc6,grc_phase2_integrated,GRC integrado Fase 2,f,,
444cb18c-831a-4964-b7d9-c1d302f73fc6,grc_phase3_operations,Operación y continuidad GRC,f,,
444cb18c-831a-4964-b7d9-c1d302f73fc6,nonconformities,No Conformidades,t,2026-04-22 14:25:37.735017,
444cb18c-831a-4964-b7d9-c1d302f73fc6,risk_matrix,Matriz de Riesgo,t,2026-04-22 14:25:37.735017,
444cb18c-831a-4964-b7d9-c1d302f73fc6,audits,Auditorías,t,2026-04-22 14:25:37.735017,
444cb18c-831a-4964-b7d9-c1d302f73fc6,assets,Activos,t,2026-04-22 14:25:37.735017,
444cb18c-831a-4964-b7d9-c1d302f73fc6,reports,Reportes,t,2026-04-22 14:25:37.735017,
444cb18c-831a-4964-b7d9-c1d302f73fc6,ai,IA,t,2026-04-22 14:25:37.735017,
444cb18c-831a-4964-b7d9-c1d302f73fc6,dealer_portal,Portal Dealer,f,,
444cb18c-831a-4964-b7d9-c1d302f73fc6,admin_saas,Administración SaaS,f,,
4d9db214-5e4f-449a-84eb-c6db5e59f4a5,health,Health ISO,t,2026-04-17 13:57:38.405707,
4d9db214-5e4f-449a-84eb-c6db5e59f4a5,controls,Controles,t,2026-04-17 13:57:38.405707,
4d9db214-5e4f-449a-84eb-c6db5e59f4a5,evidences,Evidencias,t,2026-04-17 13:57:38.405707,
4d9db214-5e4f-449a-84eb-c6db5e59f4a5,action_plans,Plan de Acción,t,2026-04-17 13:57:38.405707,
4d9db214-5e4f-449a-84eb-c6db5e59f4a5,grc_phase1_core,Nucleo GRC Fase 1,f,,
4d9db214-5e4f-449a-84eb-c6db5e59f4a5,grc_phase2_integrated,GRC integrado Fase 2,f,,
4d9db214-5e4f-449a-84eb-c6db5e59f4a5,grc_phase3_operations,Operación y continuidad GRC,f,,
4d9db214-5e4f-449a-84eb-c6db5e59f4a5,nonconformities,No Conformidades,t,2026-04-17 13:57:38.405707,
4d9db214-5e4f-449a-84eb-c6db5e59f4a5,risk_matrix,Matriz de Riesgo,t,2026-04-17 13:57:38.405707,
4d9db214-5e4f-449a-84eb-c6db5e59f4a5,audits,Auditorías,t,2026-04-17 13:57:38.405707,
4d9db214-5e4f-449a-84eb-c6db5e59f4a5,assets,Activos,t,2026-04-17 13:57:38.405707,
4d9db214-5e4f-449a-84eb-c6db5e59f4a5,reports,Reportes,t,2026-04-17 13:57:38.405707,
4d9db214-5e4f-449a-84eb-c6db5e59f4a5,ai,IA,f,,
4d9db214-5e4f-449a-84eb-c6db5e59f4a5,dealer_portal,Portal Dealer,f,,
4d9db214-5e4f-449a-84eb-c6db5e59f4a5,admin_saas,Administración SaaS,f,,
4f8c5522-190c-4ace-bf59-1e7cc96003e7,health,Health ISO,t,,
4f8c5522-190c-4ace-bf59-1e7cc96003e7,controls,Controles,t,,
4f8c5522-190c-4ace-bf59-1e7cc96003e7,evidences,Evidencias,t,,
4f8c5522-190c-4ace-bf59-1e7cc96003e7,action_plans,Plan de Acción,t,,
4f8c5522-190c-4ace-bf59-1e7cc96003e7,grc_phase1_core,Nucleo GRC Fase 1,t,2026-07-29 16:09:06.135871,
4f8c5522-190c-4ace-bf59-1e7cc96003e7,grc_phase2_integrated,GRC integrado Fase 2,t,2026-07-29 16:09:10.602651,
4f8c5522-190c-4ace-bf59-1e7cc96003e7,grc_phase3_operations,Operación y continuidad GRC,t,2026-07-29 16:09:13.275375,
4f8c5522-190c-4ace-bf59-1e7cc96003e7,nonconformities,No Conformidades,t,,
4f8c5522-190c-4ace-bf59-1e7cc96003e7,risk_matrix,Matriz de Riesgo,t,,
4f8c5522-190c-4ace-bf59-1e7cc96003e7,audits,Auditorías,t,,
4f8c5522-190c-4ace-bf59-1e7cc96003e7,assets,Activos,t,,
4f8c5522-190c-4ace-bf59-1e7cc96003e7,reports,Reportes,t,,
4f8c5522-190c-4ace-bf59-1e7cc96003e7,ai,IA,t,2026-05-26 13:23:55.044249,
4f8c5522-190c-4ace-bf59-1e7cc96003e7,dealer_portal,Portal Dealer,t,2026-05-26 13:24:00.026972,
4f8c5522-190c-4ace-bf59-1e7cc96003e7,admin_saas,Administración SaaS,t,2026-05-26 13:24:02.641193,
697eefa4-3b56-4c8a-a7d4-6d512c40233e,health,Health ISO,t,2026-04-17 13:57:38.405707,
697eefa4-3b56-4c8a-a7d4-6d512c40233e,controls,Controles,t,2026-04-17 13:57:38.405707,
697eefa4-3b56-4c8a-a7d4-6d512c40233e,evidences,Evidencias,t,2026-04-17 13:57:38.405707,
697eefa4-3b56-4c8a-a7d4-6d512c40233e,action_plans,Plan de Acción,t,2026-04-17 13:57:38.405707,
697eefa4-3b56-4c8a-a7d4-6d512c40233e,grc_phase1_core,Nucleo GRC Fase 1,f,,
697eefa4-3b56-4c8a-a7d4-6d512c40233e,grc_phase2_integrated,GRC integrado Fase 2,f,,
697eefa4-3b56-4c8a-a7d4-6d512c40233e,grc_phase3_operations,Operación y continuidad GRC,f,,
697eefa4-3b56-4c8a-a7d4-6d512c40233e,nonconformities,No Conformidades,t,2026-04-17 13:57:38.405707,
697eefa4-3b56-4c8a-a7d4-6d512c40233e,risk_matrix,Matriz de Riesgo,t,2026-04-17 13:57:38.405707,
697eefa4-3b56-4c8a-a7d4-6d512c40233e,audits,Auditorías,t,2026-04-17 13:57:38.405707,
697eefa4-3b56-4c8a-a7d4-6d512c40233e,assets,Activos,t,2026-04-17 13:57:38.405707,
697eefa4-3b56-4c8a-a7d4-6d512c40233e,reports,Reportes,t,2026-04-17 13:57:38.405707,
697eefa4-3b56-4c8a-a7d4-6d512c40233e,ai,IA,t,2026-04-17 17:14:44.579694,
697eefa4-3b56-4c8a-a7d4-6d512c40233e,dealer_portal,Portal Dealer,f,,
697eefa4-3b56-4c8a-a7d4-6d512c40233e,admin_saas,Administración SaaS,f,,
6bd63a82-c6af-425a-bed7-270ce09c60ae,health,Health ISO,t,,
6bd63a82-c6af-425a-bed7-270ce09c60ae,controls,Controles,t,,
6bd63a82-c6af-425a-bed7-270ce09c60ae,evidences,Evidencias,t,,
6bd63a82-c6af-425a-bed7-270ce09c60ae,action_plans,Plan de Acción,t,,
6bd63a82-c6af-425a-bed7-270ce09c60ae,grc_phase1_core,Nucleo GRC Fase 1,f,,
6bd63a82-c6af-425a-bed7-270ce09c60ae,grc_phase2_integrated,GRC integrado Fase 2,f,,
6bd63a82-c6af-425a-bed7-270ce09c60ae,grc_phase3_operations,Operación y continuidad GRC,f,,
6bd63a82-c6af-425a-bed7-270ce09c60ae,nonconformities,No Conformidades,t,,
6bd63a82-c6af-425a-bed7-270ce09c60ae,risk_matrix,Matriz de Riesgo,f,,2026-08-20 14:06:01.594221
6bd63a82-c6af-425a-bed7-270ce09c60ae,audits,Auditorías,t,,
6bd63a82-c6af-425a-bed7-270ce09c60ae,assets,Activos,f,,2026-08-20 14:06:05.611904
6bd63a82-c6af-425a-bed7-270ce09c60ae,reports,Reportes,t,,
6bd63a82-c6af-425a-bed7-270ce09c60ae,ai,IA,t,2026-08-20 13:59:32.5452,
6bd63a82-c6af-425a-bed7-270ce09c60ae,dealer_portal,Portal Dealer,f,,
6bd63a82-c6af-425a-bed7-270ce09c60ae,admin_saas,Administración SaaS,f,,
70000000-0000-0000-0000-000000000701,health,Health ISO,t,,
70000000-0000-0000-0000-000000000701,controls,Controles,t,,
70000000-0000-0000-0000-000000000701,evidences,Evidencias,t,,
70000000-0000-0000-0000-000000000701,action_plans,Plan de Acción,t,,
70000000-0000-0000-0000-000000000701,grc_phase1_core,Nucleo GRC Fase 1,t,2026-07-24 17:38:38.331,
70000000-0000-0000-0000-000000000701,grc_phase2_integrated,GRC integrado Fase 2,t,2026-07-28 13:22:46.995619,
70000000-0000-0000-0000-000000000701,grc_phase3_operations,Operación y continuidad GRC,t,2026-07-28 17:18:51.694739,
70000000-0000-0000-0000-000000000701,nonconformities,No Conformidades,t,,
70000000-0000-0000-0000-000000000701,risk_matrix,Matriz de Riesgo,t,,
70000000-0000-0000-0000-000000000701,audits,Auditorías,t,,
70000000-0000-0000-0000-000000000701,assets,Activos,t,,
70000000-0000-0000-0000-000000000701,reports,Reportes,t,,
70000000-0000-0000-0000-000000000701,ai,IA,t,2026-06-09 19:22:53.581612,
70000000-0000-0000-0000-000000000701,dealer_portal,Portal Dealer,f,,
70000000-0000-0000-0000-000000000701,admin_saas,Administración SaaS,f,,
76c44a0e-6041-8bda-99c7-b740fccea001,health,Health ISO,t,,
76c44a0e-6041-8bda-99c7-b740fccea001,controls,Controles,t,,
76c44a0e-6041-8bda-99c7-b740fccea001,evidences,Evidencias,t,,
76c44a0e-6041-8bda-99c7-b740fccea001,action_plans,Plan de Acción,t,,
76c44a0e-6041-8bda-99c7-b740fccea001,grc_phase1_core,Nucleo GRC Fase 1,t,2026-08-03 19:57:47.883466,
76c44a0e-6041-8bda-99c7-b740fccea001,grc_phase2_integrated,GRC integrado Fase 2,t,2026-08-03 19:57:52.950413,
76c44a0e-6041-8bda-99c7-b740fccea001,grc_phase3_operations,Operación y continuidad GRC,t,2026-08-03 19:57:55.747117,
76c44a0e-6041-8bda-99c7-b740fccea001,nonconformities,No Conformidades,t,,
76c44a0e-6041-8bda-99c7-b740fccea001,risk_matrix,Matriz de Riesgo,t,,
76c44a0e-6041-8bda-99c7-b740fccea001,audits,Auditorías,t,,
76c44a0e-6041-8bda-99c7-b740fccea001,assets,Activos,t,,
76c44a0e-6041-8bda-99c7-b740fccea001,reports,Reportes,t,,
76c44a0e-6041-8bda-99c7-b740fccea001,ai,IA,t,2026-08-08 19:01:06.704792,
76c44a0e-6041-8bda-99c7-b740fccea001,dealer_portal,Portal Dealer,f,,
76c44a0e-6041-8bda-99c7-b740fccea001,admin_saas,Administración SaaS,f,,
8b161984-85b5-4632-a446-472a56fb3660,health,Health ISO,t,2026-04-27 20:34:17.762082,
8b161984-85b5-4632-a446-472a56fb3660,controls,Controles,t,2026-04-27 21:54:51.290648,
8b161984-85b5-4632-a446-472a56fb3660,evidences,Evidencias,t,2026-04-27 21:54:41.064718,
8b161984-85b5-4632-a446-472a56fb3660,action_plans,Plan de Acción,t,2026-04-27 21:54:44.00012,
8b161984-85b5-4632-a446-472a56fb3660,grc_phase1_core,Nucleo GRC Fase 1,f,,
8b161984-85b5-4632-a446-472a56fb3660,grc_phase2_integrated,GRC integrado Fase 2,f,,
8b161984-85b5-4632-a446-472a56fb3660,grc_phase3_operations,Operación y continuidad GRC,f,,
8b161984-85b5-4632-a446-472a56fb3660,nonconformities,No Conformidades,t,,
8b161984-85b5-4632-a446-472a56fb3660,risk_matrix,Matriz de Riesgo,t,2026-04-27 21:54:22.550414,
8b161984-85b5-4632-a446-472a56fb3660,audits,Auditorías,t,2026-04-27 21:54:25.62697,
8b161984-85b5-4632-a446-472a56fb3660,assets,Activos,t,2026-04-27 21:54:37.747455,
8b161984-85b5-4632-a446-472a56fb3660,reports,Reportes,t,,
8b161984-85b5-4632-a446-472a56fb3660,ai,IA,t,2026-04-27 21:54:35.050937,
8b161984-85b5-4632-a446-472a56fb3660,dealer_portal,Portal Dealer,f,,
8b161984-85b5-4632-a446-472a56fb3660,admin_saas,Administración SaaS,f,,
abc8c711-b099-4dc9-b0cc-8546fcb4437b,health,Health ISO,t,,
abc8c711-b099-4dc9-b0cc-8546fcb4437b,controls,Controles,t,,
abc8c711-b099-4dc9-b0cc-8546fcb4437b,evidences,Evidencias,t,,
abc8c711-b099-4dc9-b0cc-8546fcb4437b,action_plans,Plan de Acción,t,,
abc8c711-b099-4dc9-b0cc-8546fcb4437b,grc_phase1_core,Nucleo GRC Fase 1,f,,
abc8c711-b099-4dc9-b0cc-8546fcb4437b,grc_phase2_integrated,GRC integrado Fase 2,f,,
abc8c711-b099-4dc9-b0cc-8546fcb4437b,grc_phase3_operations,Operación y continuidad GRC,f,,
abc8c711-b099-4dc9-b0cc-8546fcb4437b,nonconformities,No Conformidades,t,,
abc8c711-b099-4dc9-b0cc-8546fcb4437b,risk_matrix,Matriz de Riesgo,f,,2026-08-20 14:06:17.107893
abc8c711-b099-4dc9-b0cc-8546fcb4437b,audits,Auditorías,t,,
abc8c711-b099-4dc9-b0cc-8546fcb4437b,assets,Activos,f,,2026-08-20 14:06:20.511851
abc8c711-b099-4dc9-b0cc-8546fcb4437b,reports,Reportes,t,,
abc8c711-b099-4dc9-b0cc-8546fcb4437b,ai,IA,t,2026-08-20 13:59:44.773417,
abc8c711-b099-4dc9-b0cc-8546fcb4437b,dealer_portal,Portal Dealer,f,,
abc8c711-b099-4dc9-b0cc-8546fcb4437b,admin_saas,Administración SaaS,f,,
df9add48-3404-4a51-aaa9-6beb68775f8f,health,Health ISO,t,,
df9add48-3404-4a51-aaa9-6beb68775f8f,controls,Controles,t,,
df9add48-3404-4a51-aaa9-6beb68775f8f,evidences,Evidencias,t,,
df9add48-3404-4a51-aaa9-6beb68775f8f,action_plans,Plan de Acción,t,,
df9add48-3404-4a51-aaa9-6beb68775f8f,grc_phase1_core,Nucleo GRC Fase 1,f,,
df9add48-3404-4a51-aaa9-6beb68775f8f,grc_phase2_integrated,GRC integrado Fase 2,f,,
df9add48-3404-4a51-aaa9-6beb68775f8f,grc_phase3_operations,Operación y continuidad GRC,f,,
df9add48-3404-4a51-aaa9-6beb68775f8f,nonconformities,No Conformidades,t,,
df9add48-3404-4a51-aaa9-6beb68775f8f,risk_matrix,Matriz de Riesgo,t,,
df9add48-3404-4a51-aaa9-6beb68775f8f,audits,Auditorías,t,,
df9add48-3404-4a51-aaa9-6beb68775f8f,assets,Activos,t,,
df9add48-3404-4a51-aaa9-6beb68775f8f,reports,Reportes,t,,
df9add48-3404-4a51-aaa9-6beb68775f8f,ai,IA,f,,
df9add48-3404-4a51-aaa9-6beb68775f8f,dealer_portal,Portal Dealer,f,,
df9add48-3404-4a51-aaa9-6beb68775f8f,admin_saas,Administración SaaS,f,,
e679a958-f2c6-4611-9880-1002124f2861,health,Health ISO,t,,
e679a958-f2c6-4611-9880-1002124f2861,controls,Controles,t,,
e679a958-f2c6-4611-9880-1002124f2861,evidences,Evidencias,t,,
e679a958-f2c6-4611-9880-1002124f2861,action_plans,Plan de Acción,t,,
e679a958-f2c6-4611-9880-1002124f2861,grc_phase1_core,Nucleo GRC Fase 1,f,,
e679a958-f2c6-4611-9880-1002124f2861,grc_phase2_integrated,GRC integrado Fase 2,f,,
e679a958-f2c6-4611-9880-1002124f2861,grc_phase3_operations,Operación y continuidad GRC,f,,
e679a958-f2c6-4611-9880-1002124f2861,nonconformities,No Conformidades,t,,
e679a958-f2c6-4611-9880-1002124f2861,risk_matrix,Matriz de Riesgo,t,,
e679a958-f2c6-4611-9880-1002124f2861,audits,Auditorías,t,,
e679a958-f2c6-4611-9880-1002124f2861,assets,Activos,t,,
e679a958-f2c6-4611-9880-1002124f2861,reports,Reportes,t,,
e679a958-f2c6-4611-9880-1002124f2861,ai,IA,f,,
e679a958-f2c6-4611-9880-1002124f2861,dealer_portal,Portal Dealer,f,,
e679a958-f2c6-4611-9880-1002124f2861,admin_saas,Administración SaaS,f,,
