role_key,permission_key,permission_group,is_allowed,permission_active
admin,action.manage,grc,t,t
admin,actions.approve,actions,t,t
admin,actions.manage,actions,t,t
admin,actions.view,actions,t,t
admin,assets.manage,assets,t,t
admin,assets.view,assets,t,t
admin,assurance_tests.execute,assurance,t,t
admin,assurance_tests.manage,assurance,t,t
admin,assurance_tests.read,assurance,t,t
admin,assurance_tests.review,assurance,t,t
admin,audit.execute,grc,t,t
admin,audit.plan.manage,audit,t,t
admin,audit.plan.read,audit,t,t
admin,audit.report.generate,audit,t,t
admin,audit.review,audit,t,t
admin,audit.workpaper.manage,audit,t,t
admin,auditlog.view,auditlog,t,t
admin,audits.manage,audits,t,t
admin,audits.view,audits,t,t
admin,bia.approve,continuity,t,t
admin,bia.manage,continuity,t,t
admin,bia.read,continuity,t,t
admin,commercial.entitlement.read,commercial,t,t
admin,commercial.health.read,commercial,t,t
admin,commercial.methodology.read,commercial,t,t
admin,commercial.pack.read,commercial,t,t
admin,commercial.subscription.read,commercial,t,t
admin,commercial.usage.read,commercial,t,t
admin,commercial.workpaper.read,commercial,t,t
admin,connectors.credentials.manage,connectors,t,t
admin,connectors.logs.read,connectors,t,t
admin,connectors.manage,connectors,t,t
admin,connectors.read,connectors,t,t
admin,connectors.sync.run,connectors,t,t
admin,continuity.activate,continuity,t,t
admin,continuity.approve,continuity,t,t
admin,continuity.manage,continuity,t,t
admin,continuity.read,continuity,t,t
admin,continuity.tests.manage,continuity,t,t
admin,control.manage,grc,t,t
admin,controls.manage,controls,t,t
admin,controls.view,controls,t,t
admin,crisis.manage,continuity,t,t
admin,crisis.read,continuity,t,t
admin,dashboards.manage,bi,t,t
admin,dashboards.publish,bi,t,t
admin,dashboards.read,bi,t,t
admin,data.catalog.manage,data,t,t
admin,data.catalog.read,data,t,t
admin,data.lineage.manage,data,t,t
admin,data.lineage.read,data,t,t
admin,data.quality.manage,data,t,t
admin,data.quality.read,data,t,t
admin,evidence.request.manage,evidence,t,t
admin,evidence.request.read,evidence,t,t
admin,evidence.review,grc,t,t
admin,evidences.review,evidences,t,t
admin,evidences.upload,evidences,t,t
admin,evidences.view,evidences,t,t
admin,framework.manage,grc,t,t
admin,framework.read,framework,t,t
admin,gap.evaluate,gap,t,t
admin,gap.manage,gap,t,t
admin,gap.read,gap,t,t
admin,gap.transition,gap,t,t
admin,grc.escalation.manage,workflow,t,t
admin,grc.export.generate,audit,t,t
admin,grc.phase2.export,reporting,t,t
admin,grc.scheduler.run,workflow,t,t
admin,health.refresh,health,t,t
admin,health.view,health,t,t
admin,incidents.close,incidents,t,t
admin,incidents.command,incidents,t,t
admin,incidents.manage,incidents,t,t
admin,incidents.notifications.manage,incidents,t,t
admin,incidents.read,incidents,t,t
admin,loss_events.approve,loss,t,t
admin,loss_events.manage,loss,t,t
admin,loss_events.read,loss,t,t
admin,metrics.approve,metrics,t,t
admin,metrics.manage,metrics,t,t
admin,metrics.measure,metrics,t,t
admin,metrics.publish,metrics,t,t
admin,metrics.read,metrics,t,t
admin,metrics.recalculate,metrics,t,t
admin,metrics.record,metrics,t,t
admin,metrics.validate,metrics,t,t
admin,modules.view,modules,t,t
admin,nonconformities.manage,nonconformities,t,t
admin,nonconformities.view,nonconformities,t,t
admin,operations.360.read,operations,t,t
admin,operations.dashboard.read,operations,t,t
admin,operations.import,operations,t,t
admin,organizations.manage,operations,t,t
admin,organizations.read,operations,t,t
admin,privacy.approve,privacy,t,t
admin,privacy.breaches.manage,privacy,t,t
admin,privacy.dpia.manage,privacy,t,t
admin,privacy.manage,privacy,t,t
admin,privacy.read,privacy,t,t
admin,privacy.requests.manage,privacy,t,t
admin,processes.approve,operations,t,t
admin,processes.manage,operations,t,t
admin,processes.read,operations,t,t
admin,quantitative_risk.approve,risk,t,t
admin,quantitative_risk.manage,risk,t,t
admin,quantitative_risk.read,risk,t,t
admin,readiness.generate,readiness,t,t
admin,readiness.read,readiness,t,t
admin,reports.approve,reports,t,t
admin,reports.download,reports,t,t
admin,reports.export,reports,t,t
admin,reports.generate,reports,t,t
admin,reports.manage,reports,t,t
admin,reports.read,reports,t,t
admin,reports.schedule,reports,t,t
admin,reports.view,reports,t,t
admin,risk.manage,grc,t,t
admin,risk_matrix.manage,risk_matrix,t,t
admin,risk_matrix.view,risk_matrix,t,t
admin,semantic.contracts.manage,semantic,t,t
admin,semantic.contracts.publish,semantic,t,t
admin,semantic.contracts.read,semantic,t,t
admin,semantic.contracts.review,semantic,t,t
admin,semantic.lineage.read,semantic,t,t
admin,semantic.mappings.manage,semantic,t,t
admin,semantic.mappings.read,semantic,t,t
admin,semantic.mappings.validate,semantic,t,t
admin,semantic.observations.ingest,semantic,t,t
admin,semantic.observations.read,semantic,t,t
admin,semantic.sufficiency.manage,semantic,t,t
admin,semantic.sufficiency.publish,semantic,t,t
admin,semantic.sufficiency.read,semantic,t,t
admin,services.manage,operations,t,t
admin,services.read,operations,t,t
admin,standards.view,standards,t,t
admin,suppliers.approve,suppliers,t,t
admin,suppliers.assess,suppliers,t,t
admin,suppliers.manage,suppliers,t,t
admin,suppliers.portal.manage,suppliers,t,t
admin,suppliers.read,suppliers,t,t
admin,surveys.approve,surveys,t,t
admin,surveys.evaluate,surveys,t,t
admin,surveys.manage,surveys,t,t
admin,surveys.publish,surveys,t,t
admin,surveys.read,surveys,t,t
admin,surveys.respond,surveys,t,t
admin,tenant.manage,tenant,t,t
admin,users.manage,users,t,t
admin,users.view,users,t,t
admin,workflow.manage,workflow,t,t
admin,workflow.read,workflow,t,t
admin,workflow.transition,workflow,t,t
area_owner,actions.manage,actions,t,t
area_owner,actions.view,actions,t,t
area_owner,controls.view,controls,t,t
area_owner,evidence.request.read,evidence,t,t
area_owner,evidences.upload,evidences,t,t
area_owner,evidences.view,evidences,t,t
area_owner,health.view,health,t,t
area_owner,reports.view,reports,t,t
area_owner,risk_matrix.view,risk_matrix,t,t
area_owner,workflow.read,workflow,t,t
area_owner,workflow.transition,workflow,t,t
auditor,actions.approve,actions,t,t
auditor,actions.view,actions,t,t
auditor,assurance_tests.execute,assurance,t,t
auditor,assurance_tests.read,assurance,t,t
auditor,audit.execute,grc,t,t
auditor,audit.plan.read,audit,t,t
auditor,audit.report.generate,audit,t,t
auditor,audit.review,audit,t,t
auditor,audit.workpaper.manage,audit,t,t
auditor,auditlog.view,auditlog,t,t
auditor,audits.review,audits,t,t
auditor,audits.view,audits,t,t
auditor,bia.read,continuity,t,t
auditor,connectors.logs.read,connectors,t,t
auditor,connectors.read,connectors,t,t
auditor,continuity.read,continuity,t,t
auditor,controls.view,controls,t,t
auditor,crisis.read,continuity,t,t
auditor,dashboards.read,bi,t,t
auditor,data.catalog.read,data,t,t
auditor,data.lineage.read,data,t,t
auditor,data.quality.read,data,t,t
auditor,evidence.request.read,evidence,t,t
auditor,evidence.review,grc,t,t
auditor,evidences.review,evidences,t,t
auditor,evidences.view,evidences,t,t
auditor,framework.manage,grc,t,t
auditor,framework.read,framework,t,t
auditor,gap.evaluate,gap,t,t
auditor,gap.read,gap,t,t
auditor,gap.transition,gap,t,t
auditor,grc.export.generate,audit,t,t
auditor,grc.phase2.export,reporting,t,t
auditor,health.view,health,t,t
auditor,incidents.manage,incidents,t,t
auditor,incidents.read,incidents,t,t
auditor,loss_events.read,loss,t,t
auditor,metrics.measure,metrics,t,t
auditor,metrics.read,metrics,t,t
auditor,modules.view,modules,t,t
auditor,nonconformities.review,nonconformities,t,t
auditor,nonconformities.view,nonconformities,t,t
auditor,operations.360.read,operations,t,t
auditor,operations.dashboard.read,operations,t,t
auditor,organizations.read,operations,t,t
auditor,privacy.dpia.manage,privacy,t,t
auditor,privacy.read,privacy,t,t
auditor,processes.read,operations,t,t
auditor,quantitative_risk.read,risk,t,t
auditor,readiness.generate,readiness,t,t
auditor,readiness.read,readiness,t,t
auditor,reports.download,reports,t,t
auditor,reports.export,reports,t,t
auditor,reports.generate,reports,t,t
auditor,reports.read,reports,t,t
auditor,reports.view,reports,t,t
auditor,risk_matrix.view,risk_matrix,t,t
auditor,semantic.contracts.read,semantic,t,t
auditor,semantic.lineage.read,semantic,t,t
auditor,semantic.mappings.read,semantic,t,t
auditor,semantic.observations.read,semantic,t,t
auditor,semantic.sufficiency.read,semantic,t,t
auditor,services.read,operations,t,t
auditor,standards.view,standards,t,t
auditor,suppliers.assess,suppliers,t,t
auditor,suppliers.read,suppliers,t,t
auditor,surveys.read,surveys,t,t
auditor,surveys.respond,surveys,t,t
auditor,workflow.read,workflow,t,t
auditor,workflow.transition,workflow,t,t
compliance_manager,actions.approve,actions,t,t
compliance_manager,actions.manage,actions,t,t
compliance_manager,actions.view,actions,t,t
compliance_manager,assets.manage,assets,t,t
compliance_manager,assets.view,assets,t,t
compliance_manager,auditlog.view,auditlog,t,t
compliance_manager,audits.manage,audits,t,t
compliance_manager,audits.view,audits,t,t
compliance_manager,controls.manage,controls,t,t
compliance_manager,controls.view,controls,t,t
compliance_manager,evidences.review,evidences,t,t
compliance_manager,evidences.upload,evidences,t,t
compliance_manager,evidences.view,evidences,t,t
compliance_manager,health.refresh,health,t,t
compliance_manager,health.view,health,t,t
compliance_manager,modules.view,modules,t,t
compliance_manager,nonconformities.manage,nonconformities,t,t
compliance_manager,nonconformities.view,nonconformities,t,t
compliance_manager,reports.export,reports,t,t
compliance_manager,reports.view,reports,t,t
compliance_manager,risk_matrix.manage,risk_matrix,t,t
compliance_manager,risk_matrix.view,risk_matrix,t,t
compliance_manager,standards.view,standards,t,t
control_owner,actions.manage,actions,t,t
control_owner,actions.view,actions,t,t
control_owner,controls.view,controls,t,t
control_owner,evidences.upload,evidences,t,t
control_owner,evidences.view,evidences,t,t
control_owner,health.view,health,t,t
control_owner,nonconformities.view,nonconformities,t,t
control_owner,reports.view,reports,t,t
control_owner,risk_matrix.view,risk_matrix,t,t
dealer,dealer.clients.view,dealer,t,t
dealer,dealer.requests.create,dealer,t,t
dealer,health.view,health,t,t
dealer,modules.view,modules,t,t
dealer,reports.view,reports,t,t
dealer,standards.view,standards,t,t
dealer,tenants.view,tenants,t,t
executive,actions.view,actions,t,t
executive,assets.view,assets,t,t
executive,audits.view,audits,t,t
executive,controls.view,controls,t,t
executive,dashboards.read,bi,t,t
executive,data.catalog.read,data,t,t
executive,data.lineage.read,data,t,t
executive,data.quality.read,data,t,t
executive,evidences.view,evidences,t,t
executive,health.view,health,t,t
executive,metrics.read,metrics,t,t
executive,modules.view,modules,t,t
executive,nonconformities.view,nonconformities,t,t
executive,reports.download,reports,t,t
executive,reports.read,reports,t,t
executive,reports.view,reports,t,t
executive,risk_matrix.view,risk_matrix,t,t
executive,standards.view,standards,t,t
executive,surveys.read,surveys,t,t
operativo,actions.manage,actions,t,t
operativo,actions.view,actions,t,t
operativo,controls.view,controls,t,t
operativo,evidence.request.read,evidence,t,t
operativo,evidences.upload,evidences,t,t
operativo,evidences.view,evidences,t,t
operativo,health.view,health,t,t
operativo,reports.view,reports,t,t
operativo,risk_matrix.view,risk_matrix,t,t
operativo,workflow.read,workflow,t,t
operativo,workflow.transition,workflow,t,t
platform_admin,actions.approve,actions,t,t
platform_admin,actions.delete,actions,t,t
platform_admin,actions.manage,actions,t,t
platform_admin,actions.view,actions,t,t
platform_admin,admin_saas.manage,admin_saas,t,t
platform_admin,admin_saas.view,admin_saas,t,t
platform_admin,ai.use,ai,t,t
platform_admin,ai.view,ai,t,t
platform_admin,assets.manage,assets,t,t
platform_admin,assets.view,assets,t,t
platform_admin,auditlog.view,auditlog,t,t
platform_admin,audits.manage,audits,t,t
platform_admin,audits.review,audits,t,t
platform_admin,audits.view,audits,t,t
platform_admin,commercial.catalog.manage,commercial,t,t
platform_admin,commercial.catalog.read,commercial,t,t
platform_admin,commercial.entitlement.override,commercial,t,t
platform_admin,commercial.entitlement.read,commercial,t,t
platform_admin,commercial.health.read,commercial,t,t
platform_admin,commercial.methodology.manage,commercial,t,t
platform_admin,commercial.methodology.read,commercial,t,t
platform_admin,commercial.pack.install,commercial,t,t
platform_admin,commercial.pack.manage,commercial,t,t
platform_admin,commercial.pack.read,commercial,t,t
platform_admin,commercial.plan.manage,commercial,t,t
platform_admin,commercial.plan.read,commercial,t,t
platform_admin,commercial.subscription.manage,commercial,t,t
platform_admin,commercial.subscription.read,commercial,t,t
platform_admin,commercial.trial.manage,commercial,t,t
platform_admin,commercial.usage.read,commercial,t,t
platform_admin,commercial.workpaper.manage,commercial,t,t
platform_admin,commercial.workpaper.read,commercial,t,t
platform_admin,controls.manage,controls,t,t
platform_admin,controls.view,controls,t,t
platform_admin,dealer.clients.manage,dealer,t,t
platform_admin,dealer.clients.view,dealer,t,t
platform_admin,dealer.requests.create,dealer,t,t
platform_admin,evidences.delete,evidences,t,t
platform_admin,evidences.review,evidences,t,t
platform_admin,evidences.upload,evidences,t,t
platform_admin,evidences.view,evidences,t,t
platform_admin,health.refresh,health,t,t
platform_admin,health.view,health,t,t
platform_admin,modules.manage,modules,t,t
platform_admin,modules.view,modules,t,t
platform_admin,nonconformities.manage,nonconformities,t,t
platform_admin,nonconformities.review,nonconformities,t,t
platform_admin,nonconformities.view,nonconformities,t,t
platform_admin,reports.export,reports,t,t
platform_admin,reports.view,reports,t,t
platform_admin,risk_matrix.manage,risk_matrix,t,t
platform_admin,risk_matrix.view,risk_matrix,t,t
platform_admin,settings.view,settings,t,t
platform_admin,standards.initialize,standards,t,t
platform_admin,standards.manage,standards,t,t
platform_admin,standards.view,standards,t,t
platform_admin,tenants.create,tenants,t,t
platform_admin,tenants.manage,tenants,t,t
platform_admin,tenants.suspend,tenants,t,t
platform_admin,tenants.update,tenants,t,t
platform_admin,tenants.view,tenants,t,t
platform_admin,users.assign_roles,users,t,t
platform_admin,users.manage,users,t,t
platform_admin,users.view,users,t,t
superadmin,actions.approve,actions,t,t
superadmin,actions.delete,actions,t,t
superadmin,actions.manage,actions,t,t
superadmin,actions.view,actions,t,t
superadmin,admin_saas.manage,admin_saas,t,t
superadmin,admin_saas.view,admin_saas,t,t
superadmin,ai.use,ai,t,t
superadmin,ai.view,ai,t,t
superadmin,assets.manage,assets,t,t
superadmin,assets.view,assets,t,t
superadmin,auditlog.view,auditlog,t,t
superadmin,audits.manage,audits,t,t
superadmin,audits.review,audits,t,t
superadmin,audits.view,audits,t,t
superadmin,commercial.catalog.manage,commercial,t,t
superadmin,commercial.catalog.read,commercial,t,t
superadmin,commercial.entitlement.override,commercial,t,t
superadmin,commercial.entitlement.read,commercial,t,t
superadmin,commercial.health.read,commercial,t,t
superadmin,commercial.methodology.manage,commercial,t,t
superadmin,commercial.methodology.read,commercial,t,t
superadmin,commercial.pack.install,commercial,t,t
superadmin,commercial.pack.manage,commercial,t,t
superadmin,commercial.pack.read,commercial,t,t
superadmin,commercial.plan.manage,commercial,t,t
superadmin,commercial.plan.read,commercial,t,t
superadmin,commercial.subscription.manage,commercial,t,t
superadmin,commercial.subscription.read,commercial,t,t
superadmin,commercial.trial.manage,commercial,t,t
superadmin,commercial.usage.read,commercial,t,t
superadmin,commercial.workpaper.manage,commercial,t,t
superadmin,commercial.workpaper.read,commercial,t,t
superadmin,controls.manage,controls,t,t
superadmin,controls.view,controls,t,t
superadmin,dealer.clients.manage,dealer,t,t
superadmin,dealer.clients.view,dealer,t,t
superadmin,dealer.requests.create,dealer,t,t
superadmin,evidences.delete,evidences,t,t
superadmin,evidences.review,evidences,t,t
superadmin,evidences.upload,evidences,t,t
superadmin,evidences.view,evidences,t,t
superadmin,health.refresh,health,t,t
superadmin,health.view,health,t,t
superadmin,modules.manage,modules,t,t
superadmin,modules.view,modules,t,t
superadmin,nonconformities.manage,nonconformities,t,t
superadmin,nonconformities.review,nonconformities,t,t
superadmin,nonconformities.view,nonconformities,t,t
superadmin,reports.export,reports,t,t
superadmin,reports.view,reports,t,t
superadmin,risk_matrix.manage,risk_matrix,t,t
superadmin,risk_matrix.view,risk_matrix,t,t
superadmin,settings.manage,settings,t,t
superadmin,settings.view,settings,t,t
superadmin,standards.initialize,standards,t,t
superadmin,standards.manage,standards,t,t
superadmin,standards.view,standards,t,t
superadmin,tenants.create,tenants,t,t
superadmin,tenants.manage,tenants,t,t
superadmin,tenants.suspend,tenants,t,t
superadmin,tenants.update,tenants,t,t
superadmin,tenants.view,tenants,t,t
superadmin,users.assign_roles,users,t,t
superadmin,users.manage,users,t,t
superadmin,users.view,users,t,t
tenant_admin,actions.approve,actions,t,t
tenant_admin,actions.manage,actions,t,t
tenant_admin,actions.view,actions,t,t
tenant_admin,assets.manage,assets,t,t
tenant_admin,assets.view,assets,t,t
tenant_admin,assurance_tests.execute,assurance,t,t
tenant_admin,assurance_tests.manage,assurance,t,t
tenant_admin,assurance_tests.read,assurance,t,t
tenant_admin,assurance_tests.review,assurance,t,t
tenant_admin,audit.plan.manage,audit,t,t
tenant_admin,audit.plan.read,audit,t,t
tenant_admin,audit.report.generate,audit,t,t
tenant_admin,audit.review,audit,t,t
tenant_admin,audit.workpaper.manage,audit,t,t
tenant_admin,auditlog.view,auditlog,t,t
tenant_admin,audits.manage,audits,t,t
tenant_admin,audits.view,audits,t,t
tenant_admin,bia.approve,continuity,t,t
tenant_admin,bia.manage,continuity,t,t
tenant_admin,bia.read,continuity,t,t
tenant_admin,commercial.entitlement.read,commercial,t,t
tenant_admin,commercial.health.read,commercial,t,t
tenant_admin,commercial.methodology.read,commercial,t,t
tenant_admin,commercial.pack.read,commercial,t,t
tenant_admin,commercial.subscription.read,commercial,t,t
tenant_admin,commercial.usage.read,commercial,t,t
tenant_admin,commercial.workpaper.read,commercial,t,t
tenant_admin,connectors.credentials.manage,connectors,t,t
tenant_admin,connectors.logs.read,connectors,t,t
tenant_admin,connectors.manage,connectors,t,t
tenant_admin,connectors.read,connectors,t,t
tenant_admin,connectors.sync.run,connectors,t,t
tenant_admin,continuity.activate,continuity,t,t
tenant_admin,continuity.approve,continuity,t,t
tenant_admin,continuity.manage,continuity,t,t
tenant_admin,continuity.read,continuity,t,t
tenant_admin,continuity.tests.manage,continuity,t,t
tenant_admin,controls.manage,controls,t,t
tenant_admin,controls.view,controls,t,t
tenant_admin,crisis.manage,continuity,t,t
tenant_admin,crisis.read,continuity,t,t
tenant_admin,dashboards.manage,bi,t,t
tenant_admin,dashboards.publish,bi,t,t
tenant_admin,dashboards.read,bi,t,t
tenant_admin,data.catalog.manage,data,t,t
tenant_admin,data.catalog.read,data,t,t
tenant_admin,data.lineage.manage,data,t,t
tenant_admin,data.lineage.read,data,t,t
tenant_admin,data.quality.manage,data,t,t
tenant_admin,data.quality.read,data,t,t
tenant_admin,evidence.request.manage,evidence,t,t
tenant_admin,evidence.request.read,evidence,t,t
tenant_admin,evidence.review,grc,t,t
tenant_admin,evidences.review,evidences,t,t
tenant_admin,evidences.upload,evidences,t,t
tenant_admin,evidences.view,evidences,t,t
tenant_admin,framework.manage,grc,t,t
tenant_admin,framework.read,framework,t,t
tenant_admin,gap.evaluate,gap,t,t
tenant_admin,gap.manage,gap,t,t
tenant_admin,gap.read,gap,t,t
tenant_admin,gap.transition,gap,t,t
tenant_admin,grc.escalation.manage,workflow,t,t
tenant_admin,grc.export.generate,audit,t,t
tenant_admin,grc.phase2.export,reporting,t,t
tenant_admin,grc.scheduler.run,workflow,t,t
tenant_admin,health.refresh,health,t,t
tenant_admin,health.view,health,t,t
tenant_admin,incidents.close,incidents,t,t
tenant_admin,incidents.command,incidents,t,t
tenant_admin,incidents.manage,incidents,t,t
tenant_admin,incidents.notifications.manage,incidents,t,t
tenant_admin,incidents.read,incidents,t,t
tenant_admin,loss_events.approve,loss,t,t
tenant_admin,loss_events.manage,loss,t,t
tenant_admin,loss_events.read,loss,t,t
tenant_admin,metrics.approve,metrics,t,t
tenant_admin,metrics.manage,metrics,t,t
tenant_admin,metrics.measure,metrics,t,t
tenant_admin,metrics.publish,metrics,t,t
tenant_admin,metrics.read,metrics,t,t
tenant_admin,metrics.recalculate,metrics,t,t
tenant_admin,metrics.record,metrics,t,t
tenant_admin,metrics.validate,metrics,t,t
tenant_admin,modules.view,modules,t,t
tenant_admin,nonconformities.manage,nonconformities,t,t
tenant_admin,nonconformities.view,nonconformities,t,t
tenant_admin,operations.360.read,operations,t,t
tenant_admin,operations.dashboard.read,operations,t,t
tenant_admin,operations.import,operations,t,t
tenant_admin,organizations.manage,operations,t,t
tenant_admin,organizations.read,operations,t,t
tenant_admin,privacy.approve,privacy,t,t
tenant_admin,privacy.breaches.manage,privacy,t,t
tenant_admin,privacy.dpia.manage,privacy,t,t
tenant_admin,privacy.manage,privacy,t,t
tenant_admin,privacy.read,privacy,t,t
tenant_admin,privacy.requests.manage,privacy,t,t
tenant_admin,processes.approve,operations,t,t
tenant_admin,processes.manage,operations,t,t
tenant_admin,processes.read,operations,t,t
tenant_admin,quantitative_risk.approve,risk,t,t
tenant_admin,quantitative_risk.manage,risk,t,t
tenant_admin,quantitative_risk.read,risk,t,t
tenant_admin,readiness.generate,readiness,t,t
tenant_admin,readiness.read,readiness,t,t
tenant_admin,reports.approve,reports,t,t
tenant_admin,reports.download,reports,t,t
tenant_admin,reports.export,reports,t,t
tenant_admin,reports.generate,reports,t,t
tenant_admin,reports.manage,reports,t,t
tenant_admin,reports.read,reports,t,t
tenant_admin,reports.schedule,reports,t,t
tenant_admin,reports.view,reports,t,t
tenant_admin,risk_matrix.manage,risk_matrix,t,t
tenant_admin,risk_matrix.view,risk_matrix,t,t
tenant_admin,semantic.contracts.manage,semantic,t,t
tenant_admin,semantic.contracts.publish,semantic,t,t
tenant_admin,semantic.contracts.read,semantic,t,t
tenant_admin,semantic.contracts.review,semantic,t,t
tenant_admin,semantic.lineage.read,semantic,t,t
tenant_admin,semantic.mappings.manage,semantic,t,t
tenant_admin,semantic.mappings.read,semantic,t,t
tenant_admin,semantic.mappings.validate,semantic,t,t
tenant_admin,semantic.observations.ingest,semantic,t,t
tenant_admin,semantic.observations.read,semantic,t,t
tenant_admin,semantic.sufficiency.manage,semantic,t,t
tenant_admin,semantic.sufficiency.publish,semantic,t,t
tenant_admin,semantic.sufficiency.read,semantic,t,t
tenant_admin,services.manage,operations,t,t
tenant_admin,services.read,operations,t,t
tenant_admin,standards.view,standards,t,t
tenant_admin,suppliers.approve,suppliers,t,t
tenant_admin,suppliers.assess,suppliers,t,t
tenant_admin,suppliers.manage,suppliers,t,t
tenant_admin,suppliers.portal.manage,suppliers,t,t
tenant_admin,suppliers.read,suppliers,t,t
tenant_admin,surveys.approve,surveys,t,t
tenant_admin,surveys.evaluate,surveys,t,t
tenant_admin,surveys.manage,surveys,t,t
tenant_admin,surveys.publish,surveys,t,t
tenant_admin,surveys.read,surveys,t,t
tenant_admin,surveys.respond,surveys,t,t
tenant_admin,users.assign_roles,users,t,t
tenant_admin,users.manage,users,t,t
tenant_admin,users.view,users,t,t
tenant_admin,workflow.manage,workflow,t,t
tenant_admin,workflow.read,workflow,t,t
tenant_admin,workflow.transition,workflow,t,t
viewer,actions.view,actions,t,t
viewer,assets.view,assets,t,t
viewer,audits.view,audits,t,t
viewer,controls.view,controls,t,t
viewer,dashboards.read,bi,t,t
viewer,data.catalog.read,data,t,t
viewer,data.lineage.read,data,t,t
viewer,data.quality.read,data,t,t
viewer,evidences.view,evidences,t,t
viewer,health.view,health,t,t
viewer,metrics.read,metrics,t,t
viewer,modules.view,modules,t,t
viewer,nonconformities.view,nonconformities,t,t
viewer,reports.download,reports,t,t
viewer,reports.read,reports,t,t
viewer,reports.view,reports,t,t
viewer,risk_matrix.view,risk_matrix,t,t
viewer,standards.view,standards,t,t
viewer,surveys.read,surveys,t,t
