"formula_or_metric","version_or_source","active_expected","variables_or_dependencies","source_contracts_or_tables","denominator_availability_semantics","consumers","legacy_consumed","finding","db_result"
"GRC-HEALTH","F5_5_GRC_HEALTH v1","YES","risk,compliance,actions,evidence,dataTrust","grc_health_components -> calculation_runs/calculation_outputs dependencies","missing dependency => dependency_pending/not calculated, not zero","/api/metrics/official/dashboard official_score; dashboard top card","Package3 overview projection in /api/grc/overview","Blocks global score when required dependencies are not measured.","FACT_DB latest run not_calculable FORMULA_DEPENDENCY_PENDING; output value null/unmeasured; missing_fields compliance,actions,dataTrust,risk."
"DATA-TRUST","F5_C3_DATA_TRUST v1","YES","completeness,accuracy,consistency,freshness,lineage,validation,stability,coverage","indicator_data_trust_assessments","all eight required; methodology says no unknown renormalization","official dashboard; GRC-HEALTH dependency; dashboard missing component UI","No legacy numeric fallback identified","Exactitud/accuracy missing is a real blocking component under current formula.","FACT_DB latest run not_calculable FORMULA_VARIABLE_REQUIRED; current_population 202; missing_fields accuracy; trust accuracy status unknown."
"COVERAGE","F5_5_COVERAGE","YES","evaluated,applicable","compliance_requirements_assessments","applicable excludes not_applicable/na; zero usable population remains unmeasured","official indicator catalog","legacy KPI coverage exists separately","Dashboard average coverage is average snapshot coverage, not global dynamic denominator.","FACT_DB latest run not_calculable SOURCE_DATA_INSUFFICIENT; output value null/unmeasured; latest official snapshot status insufficient_data."
"EVIDENCE-FRESH","F5_5_FRESHNESS_CONTINUOUS","YES","freshness/coverage signals","evidence_freshness_records/evidences","absence remains non numeric; latest value can be calculated with LOW_CONFIDENCE","official indicator catalog; GRC-HEALTH evidence dependency","Dashboard searches EVIDENCE-COVERAGE instead","Code/key mismatch with Dashboard Health mini-card expected key.","FACT_DB latest run calculated value 14.25%; 23 usable, 33 excluded, LOW_CONFIDENCE."
"CONTROL-EFFECT","F5_5_CONTROL_EFFECTIVENESS","YES","design/implementation/operation/evidence compatible signals","control_assurance_evidence / governed fallback per PUI","official source contracts, no fabricated dimensions per continuity","official catalog","legacy projections only","Protected by PUI closures; not reopened.","FACT_DB recent not_calculable SOURCE_DATA_INSUFFICIENT with fallback_used=true in latest broader failed runs; not focal root cause."
"RISK-RESIDUAL","F5_5_RESIDUAL_RISK","YES","risk/control effectiveness components","risk_register_controls","missing compatible risk/control data remains non numeric","official catalog; GRC-HEALTH risk dependency","none identified","Dependency contributes to GRC-HEALTH block.","FACT_DB latest run not_calculable SOURCE_DATA_INSUFFICIENT; 0 usable/23 received; issue_codes status_not_eligible,date_before_period."
"REMEDIATION/ACTIONS","F5_5_WEIGHTED_PROGRESS","YES","actions progress/verification","audit_findings_actions/action data","zero weights remains non numeric","official catalog; GRC-HEALTH actions dependency","action APIs legacy/common sources","Relevant to action plans but not direct route gate.","FACT_DB latest run not_calculable FORMULA_ZERO_WEIGHTS; 1 usable/4 received; LOW_CONFIDENCE."
"Health operational","health.service.js + kpi_definitions KPI-HLT-*","YES_PARALLEL","control_coverage,evidence,gaps,actions,risks,lifecycle_audit","v_tenant_health_summary/v_standard_health_summary/kpi_snapshots","runtime diagnostics compute numeric score independently from official snapshots","/api/health/summary,/api/health/dashboard,/api/health/kpis","KPI-HLT-* operational codes","Parallel Health model diverges from official KPI snapshots.","FACT_DB Credex legacy KPI-HLT-001=83.64 and operational health view=85.11 while official GRC-HEALTH is unmeasured."
"GLOBAL_SCORE_DYNAMIC_SCENARIO_B","local audit calculation only","NO_NEW_AUTHORITY","available components only: evidence=14.25; unavailable risk,compliance,actions,dataTrust","calculation_outputs latest values","dynamic denominator over available/applicable components only","audit analysis only","none","Feasible only as new governed version; high semantic risk because one component becomes whole score.","LOCAL_CALC no DB write: hypothetical result 14.25."
