"migration_id_or_file","local_file","domain","local_semantics","production_status_source","production_status","db_verified_by_codex","checksum_match","notes"
"20260729_phase4_commercial_product","database/migrations/20260729_phase4_commercial_product.sql","commercial","creates commercial catalog/subscriptions/addons/views; seeds legacy demo/pyme/empresa/enterprise","FACT_DB schema_migrations","applied 2026-07-29 16:02:36 UTC by postgres","YES","YES 151491612597b28c59d115efdfc8448119078f4a8cef221773fdae64ecd0d1ff","Historical base; production view later evolved by AI addon migration."
"20260729_phase5_data_metrics_bi_reporting","database/migrations/20260729_phase5_data_metrics_bi_reporting.sql","metrics","Phase 5 metrics/BI reporting tables and metric null-state contract","FACT_DB schema_migrations","applied 2026-07-29 17:42:20 UTC by postgres","YES","NOT_CHECKED_NON_FOCAL","Details report tables=51, permissions=38, capabilities=16, global_metrics=51."
"20260730_phase5_5_official_math_governance","database/migrations/20260730_phase5_5_official_math_governance.sql","math_governance","official formula governance foundation","FACT_DB schema_migrations","applied 2026-07-30 15:08:37 UTC by postgres","YES","NOT_CHECKED_NON_FOCAL","Production has official_formula_* and calculation_* tables."
"20260807_phase5_c3_indicators_trust_snapshots","database/migrations/20260807_phase5_c3_indicators_trust_snapshots.sql","metrics/trust/snapshots","indicator trust snapshots and math governance sync","FACT_DB schema_migrations + local shasum","applied 2026-09-01 13:02:55 UTC by postgres","YES","YES 3b19e86d149c4e728d2372dd654bdc3bc96235d5665cd01940f195998a1d2ca0","Details include catalog=22, bindings=22, policies=22, thresholds=66 and formula registry sync."
"20260827_rbac01_canonical_roles_brand01","database/migrations/20260827_rbac01_canonical_roles_brand01.sql","rbac/brand","canonical roles/permissions/brand normalization","FACT_DB schema_migrations + local shasum","applied 2026-09-01 13:03:01 UTC by postgres","YES","YES 78c2bd184066bd27dfb8ec3ace3177dd4a7de37976c79404de3560b663494461","Protected baseline; production role catalog still lacks required ai_compliance.read/actions.read."
"20260827_rbac02_commercial_gating_normalization","database/migrations/20260827_rbac02_commercial_gating_normalization.sql","commercial/rbac","commercial gating normalization and core.dashboard strict compatibility","FACT_DB schema_migrations + local shasum","applied 2026-09-01 13:03:03 UTC by postgres","YES","YES 672bcb8b28210d98796e1f6da87142353e4f3bf949c2a7470ebdd25ebcf5bc64","Details confirm core.dashboard required_permission=dashboards.read."
"20260828_commercial_standard_plan_matrix","database/migrations/20260828_commercial_standard_plan_matrix.sql","commercial","standard plan matrix; ISO/ISO_RISK/GRC capability matrix","FACT_DB schema_migrations + local shasum","applied 2026-08-28 18:03:56 UTC by postgres","YES","YES d968b7aad261d3dc259ff0e86d34ca7d991fdc96b1a1e6add0daad668435e020","Details confirm ISO/GRC matrix OK, GRC coverage 45/45, over/underexposure 0."
"20260831_ai_addon_commercial_visibility","database/migrations/20260831_ai_addon_commercial_visibility.sql","ai/commercial","AI add-on forward normalization; views gain addon branch; base plans exclude AI","FACT_DB schema_migrations + local shasum","applied 2026-08-31 19:39:40 UTC by postgres","YES","YES 9ef26317def63374887de4fe9147ab5c69f7c729c19ac42490cb72a5635865ad","Details confirm ai_addon_ready=true, ai_capabilities_ready=2, base_plans_do_not_include_ai=true."
"schema_migrations","production DB","migration registry","migration_id,checksum,applied_at,applied_by,duration_ms,status,details","FACT_DB information_schema","present","YES","N/A","All focal rows status=applied; production corresponds to HEAD expected for audited migrations."
